profile,rms_zs,max_zs,rms_jerk,comfort_score
profile_1,0.008273993765230194,0.059320510457505006,8.844542270551841,120.48759419816265
profile_2,0.015095460495173902,0.026048495254684837,47.898092459750025,148.31725102845834
profile_3,0.001412077427096902,0.0040772347122792285,22.18971728143277,102.2155979281271
profile_4,0.011465775763778503,0.08167183226344284,61.64671652735092,1365.0099174536322
profile_5,0.009570641688685337,0.055735221731830535,72.99479455239451,1417.4027638498646
